{"_runtime":3154.417928885,"train_runtime":3154.9762,"train/learning_rate":7.506613183272393e-12,"total_flos":4.36983702454272e+14,"train_samples_per_second":9.482,"train_steps_per_second":0.593,"train_loss":0.015930215674406837,"train/epoch":5,"_step":1870,"train/loss":0.0008,"_wandb":{"runtime":3161},"_timestamp":1.7675442235091786e+09,"train/grad_norm":0.22490790329754812,"train/global_step":1870}