{"profiling/Time taken: GemmaGRPOTrainer.snomed_sctid_reward":0.0010218461975455284,"_wandb":{"runtime":86},"_runtime":79.888816723,"_step":1,"train/global_step":0,"profiling/Time taken: GemmaGRPOTrainer._get_per_token_logps":15.896576214116067,"_timestamp":1.7690079048466787e+09}